{"name":"d47a2580-ed2e-42b8-b233-98d5ea50ace2","id":"/providers/Microsoft.Flow/flows/d47a2580-ed2e-42b8-b233-98d5ea50ace2","type":"Microsoft.Flow/flows","properties":{"apiId":"/providers/Microsoft.PowerApps/apis/shared_logicflows","displayName":"Create Tasks from Excel file","definition":{"metadata":{"workflowEntityId":null,"processAdvisorMetadata":null,"flowChargedByPaygo":null,"flowclientsuspensionreason":"None","flowclientsuspensiontime":null,"flowclientsuspensionreasondetails":null,"creator":{"id":"db47f04e-aa71-4943-8202-d89d57ab8e07","type":"User","tenantId":"75b0484f-fe1b-4f50-87df-5f9c667e1bb5"},"provisioningMethod":"FromDefinition","failureAlertSubscription":true,"clientLastModifiedTime":"2024-06-07T02:23:06.4828418Z","connectionKeySavedTimeKey":"2024-06-07T02:23:06.4828418Z"},"$schema":"https://schema.management.azure.com/providers/Microsoft.Logic/schemas/2016-06-01/workflowdefinition.json#","contentVersion":"1.0.0.0","parameters":{"$authentication":{"defaultValue":{},"type":"SecureObject"},"$connections":{"defaultValue":{},"type":"Object"}},"triggers":{"manual":{"metadata":{"operationMetadataId":"21bdb6cb-3cd5-4701-93ff-caa86184c430"},"type":"Request","kind":"Button","inputs":{"schema":{"type":"object","properties":{},"required":[]}}}},"actions":{"List_rows_present_in_a_table":{"runAfter":{},"metadata":{"01YIMJZ4IOLW5GD7WXA5FYZDOALP3FR4BH":"/General/15 AM Power Automate/Kanban Card Information.xlsx","tableId":"{906257A1-9DCB-4728-98B8-589BA7F8170B}","operationMetadataId":"44049fbb-49d6-4cf5-8bbb-fefbec5f573b"},"type":"OpenApiConnection","inputs":{"parameters":{"source":"sites/astrixtechgroup.sharepoint.com,e6bd999a-c66d-4499-bae1-37b3d449a4d7,9f42be84-5b52-4c57-9f43-ffcc83b8a8c4","drive":"b!mpm95m3GmUS64Tez1Emk14S-Qp9SW1dMn0P_zIO4qMRDiXiongUXQaYmPsNrWdJ6","file":"01YIMJZ4IOLW5GD7WXA5FYZDOALP3FR4BH","table":"{906257A1-9DCB-4728-98B8-589BA7F8170B}","dateTimeFormat":"ISO 8601"},"host":{"apiId":"/providers/Microsoft.PowerApps/apis/shared_excelonlinebusiness","connectionName":"shared_excelonlinebusiness","operationId":"GetItems"},"authentication":{"value":"@json(decodeBase64(triggerOutputs().headers['X-MS-APIM-Tokens']))['$ConnectionKey']","type":"Raw"}}},"List_buckets":{"runAfter":{"List_rows_present_in_a_table":["Succeeded"]},"trackedProperties":{"name":"Done"},"metadata":{"operationMetadataId":"1ed5fc2b-8839-4bb3-a8a8-b6e122aebc2f"},"type":"OpenApiConnection","inputs":{"parameters":{"groupId":"58ae8c56-3b93-453a-94be-550804be97af","id":"jCSG51tlR0OPQz2Fomz73WUACaAO"},"host":{"apiId":"/providers/Microsoft.PowerApps/apis/shared_planner","connectionName":"shared_planner","operationId":"ListBuckets_V3"},"authentication":{"value":"@json(decodeBase64(triggerOutputs().headers['X-MS-APIM-Tokens']))['$ConnectionKey']","type":"Raw"}}},"Apply_to_each_row_in_the_table":{"foreach":"@outputs('List_rows_present_in_a_table')?['body/value']","actions":{"Set_Auxiliar_Variable":{"metadata":{"operationMetadataId":"33703142-9e54-403e-9c9c-af0e9134581d"},"type":"SetVariable","inputs":{"name":"Auxiliar","value":"@item()?['Bucket Name']"}},"Filter_array":{"runAfter":{"Set_Auxiliar_Variable":["Succeeded"]},"metadata":{"operationMetadataId":"87b05b3b-f9f0-4bdd-a36d-88ae6cc53e52"},"type":"Query","inputs":{"from":"@outputs('List_buckets')?['body/value']","where":"@equals(item()?['name'],variables('Auxiliar'))"}},"Condition":{"actions":{"Create_a_task":{"metadata":{"operationMetadataId":"714532f5-d39f-401d-9704-0cbdf8074bdd"},"type":"OpenApiConnection","inputs":{"parameters":{"body/groupId":"58ae8c56-3b93-453a-94be-550804be97af","body/planId":"jCSG51tlR0OPQz2Fomz73WUACaAO","body/title":"@item()?['Title']","body/bucketId":"@body('Filter_array')[0]['id']","body/startDateTime":"@item()?['Start date']","body/dueDateTime":"@item()?['Due date']","body/assignments":"@item()?['Assigned To']","body/priority":"@item()?['Priority']"},"host":{"apiId":"/providers/Microsoft.PowerApps/apis/shared_planner","connectionName":"shared_planner","operationId":"CreateTask_V4"},"authentication":{"value":"@json(decodeBase64(triggerOutputs().headers['X-MS-APIM-Tokens']))['$ConnectionKey']","type":"Raw"}}}},"runAfter":{"Filter_array":["Succeeded"]},"else":{"actions":{}},"expression":{"and":[{"equals":["@length(body('Filter_array'))",1]}]},"metadata":{"operationMetadataId":"d9469bff-7a49-46de-9746-55a51dcc8415"},"type":"If"}},"runAfter":{"Auxiliar_Variable":["Succeeded"]},"metadata":{"operationMetadataId":"e8a1ffa1-2bbd-41fe-9cd9-60788f36ed5e"},"type":"Foreach"},"Auxiliar_Variable":{"runAfter":{"List_buckets":["Succeeded"]},"metadata":{"operationMetadataId":"711a469d-4cd7-4ae5-9cd9-1a10e9d7dcac"},"type":"InitializeVariable","inputs":{"variables":[{"name":"Auxiliar","type":"string","value":" "}]}}},"outputs":{}},"connectionReferences":{"shared_excelonlinebusiness":{"connectionName":"shared-excelonlinebu-ea7199fd-efcc-41f4-afb2-4e1fca8e9165","source":"Invoker","id":"/providers/Microsoft.PowerApps/apis/shared_excelonlinebusiness","tier":"NotSpecified"},"shared_planner":{"connectionName":"shared-planner-e0f82ef0-f626-42a1-9aab-c9e0c1ba6672","source":"Invoker","id":"/providers/Microsoft.PowerApps/apis/shared_planner","tier":"NotSpecified"}},"flowFailureAlertSubscribed":false,"isManaged":false}}